insert into Users (Username,Email,Password,Address,Avatar) value ('User','user@gmail.com','AQAAAAIAAYagAAAAEBiaay58PuSVSTIoh6/fzFD21elgUpHZau1jIXaxxkwAbu/hRpdJb1p2Q3kHpnjfXw==','','');
insert into Users (Username,Email,Password,Address,Avatar) value ('Admin','admin@gmail.com','AQAAAAIAAYagAAAAEBiaay58PuSVSTIoh6/fzFD21elgUpHZau1jIXaxxkwAbu/hRpdJb1p2Q3kHpnjfXw==','','');

INSERT INTO FoodTypes (TypeId, NameType, ParentId) VALUES
(1, 'Vietnamese Noodles', false),
(2, 'Grilled Dishes', false),
(3, 'Rice Dishes', false),
(4, 'Vegetarian', false),
(5, 'Soups', false),
(6, 'Seafood', false),
(7, 'Snacks', false),
(8, 'Desserts', false),
(9, 'Beverages', false),
(10, 'Salads', false);


INSERT INTO Foods (FoodId, Name, Image1, Image2, Image3, TypeId, Rating, NumberRating, Price, Itemleft,Description) VALUES
(1, 'Phở bò', 'https://fohlafood.vn/cdn/shop/articles/bi-quyet-nau-phi-bo-ngon-tuyet-dinh.jpg?v=1712213789', 'https://tiki.vn/blog/wp-content/uploads/2023/07/thumb-12.jpg', 'https://amivietnam.com/wp-content/uploads/2024/03/image-242-1150x800.png', 1, 0, 0, 50000, 12 , 'Phở bò là món ăn truyền thống nổi tiếng của Việt Nam. Với nước dùng đậm đà từ xương hầm, hương vị thịt bò mềm ngọt hòa quyện cùng bánh phở dai ngon. Món ăn còn được bổ sung hành lá, ngò gai và các loại gia vị tạo nên hương thơm quyến rũ.'),
(2, 'Phở gà', 'https://cdn.tgdd.vn/2021/09/CookProduct/1200(3)-1200x676-2.jpg', 'https://noiphodien123.vn/wp-content/uploads/2023/08/cach-nau-pho-ga-ha-noi.jpg', 'https://cachnau.vn/wp-content/uploads/2022/02/pho-ga-ga-noi.jpg', 1, 0, 0, 45000, 23,'Phở gà với nước dùng thanh nhẹ, được ninh từ xương gà, mang lại vị ngọt tự nhiên. Thịt gà tươi được thái lát mỏng, ăn kèm bánh phở mềm dai và rau thơm, tạo nên món ăn bổ dưỡng và hấp dẫn.'),
(3, 'Bún chả', 'https://cachnau.vn/wp-content/uploads/2022/02/pho-ga-ga-noi.jpg', 'https://kipor.vn//upload/images/lam-bun-cha-bang-noi-chien-khong-dau-6.jpg', 'https://top10tphcm.com/wp-content/uploads/2021/01/Quan-bun-cha-ha-noi-o-TPHCM.jpg', 2, 0, 0, 70000, 10,'Bún chả là món ăn dân dã, với chả thịt heo nướng trên than hồng, kết hợp với bún tươi, nước mắm pha chua ngọt, và rau sống. Món ăn đậm vị, thơm ngon và mang đậm hương vị truyền thống Hà Nội.'),
(4, 'Nem nướng', 'https://i.ytimg.com/vi/I_n1IQggIQ4/maxresdefault.jpg', 'https://vcdn1-giadinh.vnecdn.net/2021/11/22/256046871-2647385258740674-189-7570-7298-1637563536.jpg?w=460&h=0&q=100&dpr=2&fit=crop&s=qUwIfHQjysmE4qAxSuXtbw', 'https://top10tphcm.com/wp-content/uploads/2021/01/Quan-bun-cha-ha-noi-o-TPHCM.jpg', 2, 0, 0, 60000, 24,'Nem nướng là món ăn độc đáo với thịt heo xay nhuyễn, trộn gia vị và nướng trên than hồng, tạo hương thơm đặc trưng. Khi ăn kèm với rau sống và nước chấm, món nem càng trở nên hấp dẫn và lôi cuốn.'),
(5, 'Cơm tấm', 'https://bizweb.dktcdn.net/100/442/328/files/hi-nh-avatar-website-cnsg.jpg?v=1644485704509', 'https://images2.thanhnien.vn/528068263637045248/2023/7/20/base64-16898350173331230391375.png', 'https://file.hstatic.net/1000394081/article/com-tam_e03b4325c9914def9d66619930a73432.jpg', 3, 0, 0, 55000, 21,'Cơm tấm là món ăn đặc trưng của miền Nam Việt Nam, gồm cơm tấm, sườn nướng thơm lừng, trứng ốp la, bì và chả. Thực khách sẽ cảm nhận được sự hài hòa giữa các thành phần, tạo nên một bữa ăn ngon miệng và giàu dinh dưỡng.'),
(6, 'Cơm chiên', 'https://image.baophapluat.vn/w840/Uploaded/2024/ycgvptcc/2020_05_28/cach-lam-com-chien-duong-chau-600x481_DLZM.jpg', 'https://i.ytimg.com/vi/_cdBAMq5KZ0/maxresdefault.jpg', 'https://cdn.tgdd.vn/2020/07/CookProduct/f-1200x676.jpg', 3, 0, 0, 65000, 22,'Cơm chiên là món ăn nhanh phổ biến, với hạt cơm được chiên vàng ươm, kết hợp cùng rau củ và hải sản hoặc thịt. Món ăn giòn ngon, dễ ăn và thích hợp cho mọi bữa ăn trong ngày.'),
(7, 'Gỏi cuốn chay', 'https://khaihoanphuquoc.com.vn/wp-content/uploads/2023/11/nu%CC%9Bo%CC%9B%CC%81c-ma%CC%86%CC%81m-cha%CC%82%CC%81m-go%CC%89i-cuo%CC%82%CC%81n-1200x923.png', 'https://cdn.tgdd.vn/2021/08/CookRecipe/Avatar/goi-cuon-tom-thit-thumbnail-1.jpg', 'https://netspace.edu.vn/app_assets/images/2020/04/25/cach-lam-goi-cuon-tom-thit-cuc-ki-hap-dan-245587-800.jpg', 4, 0, 0, 35000, 18,'Gỏi cuốn chay là món ăn thanh đạm với rau sống, bún, đậu hũ, cuốn trong bánh tráng mỏng. Món ăn thường chấm cùng nước chấm đậm đà, mang lại cảm giác tươi mát, nhẹ nhàng và bổ dưỡng.'),
(8, 'Mì xào chay', 'https://i-giadinh.vnecdn.net/2022/08/08/Thanh-pham-3-3-7795-1659943657.jpg', 'https://anchay.cdn.vccloud.vn/wp-content/uploads/2021/09/mi-xao-chay-ngon-bo-duong-thoq.jpg', 'https://cdn.tgdd.vn/2020/07/CookProduct/1-1200x676-12.jpg', 4, 0, 0, 40000, 34,'Mì xào chay là sự kết hợp hài hòa giữa mì dai ngon và rau củ tươi xanh, mang lại hương vị thanh đạm. Món ăn phù hợp cho người ăn chay hoặc những ai thích ăn nhẹ mà vẫn đầy đủ dinh dưỡng.'),
(9, 'Canh chua cá', 'https://i.ytimg.com/vi/zNhazi2P4yI/hq720.jpg?sqp=-oaymwEhCK4FEIIDSFryq4qpAxMIARUAAAAAGAElAADIQj0AgKJD&rs=AOn4CLCGDf9GlJVxCRR7KD0LBzoFAwEO-Q', 'https://encrypted-tbn0.gstatic.com/images?q=tbn:ANd9GcQldivONiT8mdxnMuWY5m3dyCYjMPToTjWKDg&s', 'https://static-images.vnncdn.net/files/publish/2023/3/14/canh-ca-a-1024.jpg', 5, 0, 0, 55000, 32,'Canh chua cá là món ăn truyền thống với nước dùng chua ngọt từ me và thơm, kết hợp cùng cá tươi. Món canh có vị chua nhẹ, thơm ngon, là lựa chọn lý tưởng cho bữa cơm gia đình.'),
(10, 'Bò Kho', 'https://i-giadinh.vnecdn.net/2021/03/15/1-1615818742-7067-1615818945.jpg', 'https://i-giadinh.vnecdn.net/2021/03/15/1-1615818742-7067-1615818945.jpg', 'https://i.ytimg.com/vi/FXSTfjiEA0M/maxresdefault.jpg', 5, 0, 0, 60000, 12,'Bò kho là món ăn đậm đà với thịt bò được hầm mềm cùng các loại gia vị như quế, hồi, sả, tạo hương thơm nồng nàn. Món ăn có thể ăn kèm bánh mì hoặc cơm, thích hợp cho những bữa ăn ấm áp.');

-- cập nhật lại data cho foods khi thêm rating từ sql
DELIMITER $$

CREATE TRIGGER UpdateFoodRating AFTER INSERT ON Ratings
FOR EACH ROW
BEGIN
    DECLARE new_avg_rating FLOAT;
    DECLARE total_ratings INT;

    SELECT COUNT(*) INTO total_ratings
    FROM Ratings
    WHERE FoodId = NEW.FoodId;

    SELECT AVG(RatingValue) INTO new_avg_rating
    FROM Ratings
    WHERE FoodId = NEW.FoodId;

    UPDATE Foods
    SET Rating = new_avg_rating,
        NumberRating = total_ratings
    WHERE FoodId = NEW.FoodId;
END$$

DELIMITER ;

INSERT INTO Ratings (UserId, FoodId, Content, Date, RatingValue, Reply, DateReply) VALUES
(1, 1, 'Delicious food, would recommend!', '2024-10-01 12:30:00', 5, NULL, NULL),
(1, 1, 'Not bad, but could be better.', '2024-10-02 14:00:00', 3, NULL, NULL),
(1, 2, 'Absolutely loved it!', '2024-10-03 16:15:00', 5, NULL, NULL),
(1, 2, 'Too spicy for my taste.', '2024-10-04 17:45:00', 2, NULL, NULL),
(1, 3, 'Great portion size!', '2024-10-05 18:30:00', 4, NULL, NULL),
(1, 3, 'Would not order again.', '2024-10-06 19:00:00', 1, NULL, NULL),
(1, 4, 'Perfectly cooked!', '2024-10-07 20:30:00', 5, NULL, NULL),
(1, 4, 'Very average experience.', '2024-10-08 21:45:00', 3, NULL, NULL),
(1, 5, 'Too oily for my liking.', '2024-10-09 22:00:00', 2, NULL, NULL),
(1, 5, 'Loved the flavor!', '2024-10-10 23:15:00', 5, NULL, NULL),
(1, 6, 'Would recommend for special occasions.', '2024-10-11 09:30:00', 4, NULL, NULL),
(1, 6, 'Not worth the price.', '2024-10-12 10:45:00', 2, NULL, NULL),
(1, 7, 'Best meal I had this week!', '2024-10-13 11:00:00', 5, NULL, NULL),
(1, 7, 'The service was slow.', '2024-10-14 12:15:00', 3, NULL, NULL),
(1, 8, 'Amazing dessert!', '2024-10-15 13:30:00', 5, NULL, NULL),
(1, 8, 'Too sweet for my taste.', '2024-10-16 14:45:00', 2, NULL, NULL),
(1, 9, 'A must-try dish!', '2024-10-17 15:00:00', 5, NULL, NULL),
(1, 9, 'Not impressed at all.', '2024-10-18 16:15:00', 1, NULL, NULL),
(1, 10, 'Very filling and tasty!', '2024-10-19 17:30:00', 4, NULL, NULL),
(1, 10, 'The atmosphere was great!', '2024-10-20 18:00:00', 5, NULL, NULL),
(1, 1, 'Perfect for lunch!', '2024-10-21 19:30:00', 4, NULL, NULL),
(1, 2, 'Could use more seasoning.', '2024-10-22 20:00:00', 3, NULL, NULL),
(1, 3, 'My favorite place to eat!', '2024-10-23 21:15:00', 5, NULL, NULL),
(1, 4, 'Not fresh at all.', '2024-10-24 22:30:00', 1, NULL, NULL),
(1, 5, 'Wonderful presentation!', '2024-10-25 23:00:00', 5, NULL, NULL),
(1, 6, 'Nice ambiance.', '2024-10-26 09:30:00', 4, NULL, NULL),
(1, 7, 'Too salty for my liking.', '2024-10-27 10:45:00', 2, NULL, NULL),
(1, 8, 'Best pasta I’ve ever had!', '2024-10-28 11:00:00', 5, NULL, NULL),
(1, 9, 'Very disappointing.', '2024-10-29 12:15:00', 1, NULL, NULL),
(1, 10, 'Excellent service and food!', '2024-10-30 13:30:00', 5, NULL, NULL);


    
INSERT INTO Foods (FoodId, Name, Image1, Image2, Image3, TypeId, Rating, NumberRating, Price, Itemleft, Description) VALUES
-- Vietnamese Noodles
(11, 'Bánh canh cua', 'https://dienmaythiennamhoa.vn/static/images/Hinh%20Bai%20Ve%20Tinh/VAO%20BEP/3(14).PNG', 'https://dienmaythiennamhoa.vn/static/images/Hinh%20Bai%20Ve%20Tinh/VAO%20BEP/3(14).PNG', 'https://cdn.tgdd.vn/2021/05/CookRecipe/GalleryStep/thanh-pham-239.jpg', 1, 0, 0, 60000, 20, 'Bánh canh cua với nước dùng đậm đà từ cua và tôm, sợi bánh canh dai mềm và thịt cua tươi ngon.'),
(12, 'Mì Quảng', 'https://cdn.tgdd.vn/2021/02/CookProduct/1200-1200x676-16.jpg', 'https://hapinut.com/wp-content/uploads/2022/03/mi-quang-quang-nam.jpg', 'https://daubepgiadinh.vn/wp-content/uploads/2017/12/mi-quang-thit-heo.jpg', 1, 0, 0, 55000, 15, 'Mì Quảng với nước dùng sánh mịn, thịt gà, tôm, trứng, và rau sống. Món ăn mang đậm hương vị miền Trung.'),

-- Grilled Dishes
(13, 'Gà nướng mật ong', 'https://reviewamthuc.net/wp-content/uploads/2024/04/ga-nuong-mat-ong.jpg', 'https://cdn.tgdd.vn/2020/09/CookProduct/1-1200x676-24.jpg', 'https://nhahangphuongnguyen.com.vn/images/upload/mon-dac-biet/ga-nuong-mat-ong.jpg', 2, 0, 0, 80000, 18, 'Gà nướng mật ong với lớp da giòn, thịt mềm ngọt, và hương vị đậm đà từ mật ong và gia vị.'),
(14, 'Thịt xiên nướng', 'https://thucthan.com/media/2018/05/thit-xien-nuong/cach-lam-thit-xien-nuong.jpg', 'https://www.huongnghiepaau.com/wp-content/uploads/2022/08/thit-xien-nuong-bang-noi-chien-khong-dau.jpg', 'https://encrypted-tbn0.gstatic.com/images?q=tbn:ANd9GcQxqmbB2F0QgYfpGapP-zUfq4_IwEQliZMHgA&s', 2, 0, 0, 30000, 25, 'Thịt xiên nướng với gia vị đặc trưng, được nướng vàng thơm, thích hợp cho các bữa ăn nhanh.'),

-- Rice Dishes
(15, 'Cơm gà xối mỡ', 'https://barona.vn/storage/meo-vat/83/com-ga-xoi-mo.jpg', 'https://i.ytimg.com/vi/P0NgzDow6jk/maxresdefault.jpg', 'https://i.ytimg.com/vi/Qn9VCUpKLHk/maxresdefault.jpg', 3, 0, 0, 70000, 16, 'Cơm gà xối mỡ với gà giòn rụm, cơm nóng và nước chấm chua ngọt. Món ăn hấp dẫn và đầy đủ dinh dưỡng.'),
(16, 'Cơm niêu', 'https://duonggiahotel.vn/wp-content/uploads/2023/10/nha-hang-com-nieu-da-nang-AB.jpg', 'https://cdn.tgdd.vn/Files/2022/01/19/1411567/10-quan-com-nieu-sai-gon-ngon-noi-tieng-gia-binh-dan-202201190540589736.jpg', 'https://nhahangcontoc.com/wp-content/uploads/2023/02/com-nieu-ca-kho-scaled.jpg', 3, 0, 0, 75000, 14, 'Cơm niêu với món thịt kho, rau luộc mang đến trải nghiệm bữa ăn gia đình.'),

-- Vegetarian
(17, 'Bánh xèo chay', 'https://cdn.tgdd.vn/Files/2020/03/25/1244527/cach-lam-banh-xeo-chay-thom-ngon-gion-rum-don-gian-13-760x367.jpg', 'https://encrypted-tbn0.gstatic.com/images?q=tbn:ANd9GcTi1mP-Ckl59VlEOJE2kKSNiz35-SVP5YzMqg&s', 'https://cdn.prod.website-files.com/5ef016ce2ee92e3ee3fdfe51/5ef07e9b39ecc00a5a4dd691_banh-xeo-chay-1.jpeg', 4, 0, 0, 40000, 20, 'Bánh xèo chay với nhân rau củ và nấm, ăn kèm rau sống và nước mắm chay.'),
(18, 'Đậu hũ kho nấm', 'https://i.ytimg.com/vi/lLrJmH1rxrI/maxresdefault.jpg', 'https://i.ytimg.com/vi/m1NMP_mo-9c/hq720.jpg?sqp=-oaymwEhCK4FEIIDSFryq4qpAxMIARUAAAAAGAElAADIQj0AgKJD&rs=AOn4CLB_whLNrdkJuQMiMbODromc7yQNuA', 'https://cdn.tgdd.vn/2020/09/CookRecipe/GalleryStep/nam-rom-kho-dau-hu-10.jpg', 4, 0, 0, 50000, 22, 'Đậu hũ kho nấm với nước sốt đậm đà, hương vị thanh đạm và giàu dinh dưỡng.'),

-- Soups
(19, 'Súp cua', 'https://thucthan.com/media/2019/06/sup-cua/sup-cua.jpg', 'https://i.ytimg.com/vi/8eBq1lCZ5l8/maxresdefault.jpg', 'https://encrypted-tbn0.gstatic.com/images?q=tbn:ANd9GcToeNeiMm43dhwkTVRaIlsJ7owlnOnOrvqTHw&s', 5, 0, 0, 35000, 30, 'Súp cua thơm ngon, sánh mịn, với thịt cua tươi, trứng cút, và rau mùi.'),
(20, 'Súp gà', 'https://cdn.tgdd.vn/2021/10/CookRecipe/GalleryStep/thanh-pham-1640.jpg', 'https://heyyofoods.com/wp-content/uploads/2023/10/2-6.jpg', 'https://file.hstatic.net/200000385717/article/sup-ga_d1cb563a007346f0b8d4c8504fc1c678.jpg', 5, 0, 0, 30000, 28, 'Súp gà với thịt gà mềm, ngô ngọt, và nước súp thanh nhẹ, bổ dưỡng.'),

-- Seafood
(21, 'Tôm hấp nước dừa', 'https://cdn.pastaxi-manager.onepas.vn/content/uploads/articles/hoamkt35/Blog/tom-hap-nuoc-dua.jpg', 'https://cdn.tgdd.vn/Files/2017/03/12/960051/cach-lam-banh-trang-nuong-ngon-cuc-nhanh-voi-chao-chong-dinh-202112282139542041.jpg', 'https://www.cotrang.org/public/images/tin_dang/6/270_banh-trang-nuong-da-lat-bk-1.jpg', 6, 0, 0, 90000, 12, 'Tôm hấp nước dừa với hương vị ngọt thanh, giữ nguyên vị tươi ngon của tôm.'),
(22, 'Mực xào sa tế', 'https://encrypted-tbn0.gstatic.com/images?q=tbn:ANd9GcT2pEq10RPhlp_WpiEeA3ZM6YlAmae6phMjDg&s', 'https://cdn.pastaxi-manager.onepas.vn/content/uploads/articles/huyendt/mucxaosate/1.png', 'https://www.cet.edu.vn/wp-content/uploads/2018/04/muc-xao-sa-te.jpg', 6, 0, 0, 85000, 10, 'Mực xào sa tế cay nồng, hấp dẫn với vị mực tươi giòn và gia vị đậm đà.'),

-- Snacks
(23, 'Bánh tráng nướng', 'https://encrypted-tbn0.gstatic.com/images?q=tbn:ANd9GcQYetw3xJK0UnHQLaFjtTqshnn-oMrcEmQJmw&s', 'https://example.com/banh-trang-2.jpg', 'https://example.com/banh-trang-3.jpg', 7, 0, 0, 20000, 40, 'Bánh tráng nướng giòn tan với topping đa dạng như trứng, xúc xích, và phô mai.'),
(24, 'Bánh bao ', 'https://meizanclv.com.vn/wp-content/uploads/2022/04/1-Banh-bao-nhan-thit.jpg', 'https://i.ytimg.com/vi/Fdt4IOyRcsU/maxresdefault.jpg', 'https://encrypted-tbn0.gstatic.com/images?q=tbn:ANd9GcRbcN4pGcSFyl6YdxQg5XcWdVN5i82Wxbvqwg&s', 7, 0, 0, 15000, 35, 'Bánh bao với lớp vỏ mềm mỏng, nhân thịt heo và trứng cút đậm đà.'),
(25, 'Bánh bao chiên', 'https://i.ytimg.com/vi/uL9GgD0apUI/maxresdefault.jpg', 'https://static-images.vnncdn.net/files/publish/2023/8/14/banh-bao-chien-2-597.jpg', 'https://daylambanh.edu.vn/wp-content/uploads/2017/02/banh-bao-chien-nhan-thit.jpg', 7, 0, 0, 15000, 35, 'Bánh bao chiên với lớp vỏ giòn rụm, nhân thịt heo và trứng cút đậm đà.'),

-- Desserts
(31, 'Chè ba màu', 'https://bizweb.dktcdn.net/100/004/714/articles/che-ba-mau-cach-lam-ngon-mieng-dep-mat-ngay-tai-nha.png?v=1592454972940', 'https://bizweb.dktcdn.net/100/004/714/articles/che-ba-mau-cach-lam-ngon-mieng-dep-mat-ngay-tai-nha.png?v=1592454972940', 'https://bizweb.dktcdn.net/100/004/714/articles/che-ba-mau-cach-lam-ngon-mieng-dep-mat-ngay-tai-nha.png?v=1592454972940', 8, 0, 0, 25000, 30, 'Chè ba màu với đậu xanh, đậu đỏ, và nước cốt dừa béo ngậy.'),
(26, 'Bánh flan', 'https://encrypted-tbn0.gstatic.com/images?q=tbn:ANd9GcQrZmdSfcu4EhhRohcxzCmlsRiddpfs7nmiQQ&s', 'https://file.hstatic.net/1000396324/file/banh-flan-socola-2_71a4b9be8ddc459c9be9a7226ae74476.jpg', 'https://cdn.buffetposeidon.com/app/media/Kham-pha-am-thuc/11.2023/251123-cach-lam-banh-flan-buffet-poseidon-02-jpg.jpg', 8, 0, 0, 20000, 50, 'Bánh flan mềm mịn, thơm ngậy, với vị caramel ngọt ngào.'),

-- Beverages
(27, 'Trà sữa trân châu', 'https://encrypted-tbn0.gstatic.com/images?q=tbn:ANd9GcSuwRLHc8a9yDj-DLKJTIcJCRcKcm8UfFUrog&s', 'https://encrypted-tbn0.gstatic.com/images?q=tbn:ANd9GcQLHO57_3w-vpSoTtlqCGlO2NiunXvdfDDAxQ&s', 'https://cdn.nguyenkimmall.com/images/companies/_1/tin-tuc/kinh-nghiem-meo-hay/n%E1%BA%A5u%20%C4%83n/cach-lam-tran-chau-tra-sua_1.jpg', 9, 0, 0, 40000, 60, 'Trà sữa trân châu với vị trà thơm ngon, sữa béo ngậy, và trân châu dai dai.'),
(28, 'Nước mía', 'https://droh.co/wp-content/uploads/2020/02/9-tac-dung-cua-nuoc-mia-khien-ban.jpg', 'https://encrypted-tbn0.gstatic.com/images?q=tbn:ANd9GcR8jJtRFSVSzK1vYheGYs5KpXlzFUlscHxBTQ&s', 'https://droh.co/wp-content/uploads/2020/02/9-tac-dung-cua-nuoc-mia-khien-ban1.jpg', 9, 0, 0, 15000, 100, 'Nước mía tươi mát, ngọt thanh, giải khát tuyệt vời cho ngày hè.'),

-- Salads
(29, 'Gỏi ngó sen tôm thịt', 'https://netspace.edu.vn/upload/images/2018/07/26/cach-lam-goi-ngo-sen-tom-thit-6-600x424.jpg', 'https://www.unileverfoodsolutions.com.vn/dam/global-ufs/mcos/phvn/vietnam/calcmenu/recipes/VN-recipes/vegetables-&-vegetable-dishes/g%E1%BB%8Fi-ng%C3%B3-sen-t%C3%B4m-th%E1%BB%8Bt/Goi-Ngo-Sen_Web.jpg', 'https://daynauan.info.vn/wp-content/uploads/2015/06/goi-ngo-sen-tom-thit.jpg', 10, 0, 0, 60000, 18, 'Gỏi ngó sen tôm thịt giòn tươi, vị chua ngọt hài hòa, và hương thơm hấp dẫn.'),
(30, 'Gỏi bưởi', 'https://www.nhahangquangon.com/wp-content/uploads/2021/09/cach-lam-goi-buoi2-1.jpg','https://www.nhahangquangon.com/wp-content/uploads/2021/09/cach-lam-goi-buoi2-1.jpg', 'https://encrypted-tbn0.gstatic.com/images?q=tbn:ANd9GcQ81ZqQ_m4sgu5-Uvn1YJQ_CA2gdWRE9vT3QQ&s', 10, 0, 0, 50000, 20, 'Gỏi bưởi thanh mát với vị ngọt của bưởi, tôm, thịt, và nước mắm pha chua ngọt.');